{
  "ae2:base_cablebusblockentity": null,
  "ae2:debug": null,
  "ae2:grid_node": null,
  "ae2:pattern_provider": null,
  "ae2:power_storage": null,
  "anvilcraft:power_provider": null,
  "anvilcraft:ruby_prism": null,
  "apotheosis:adventure": null,
  "apothic_spawners:spawner": null,
  "custommachinery:machine_server_data_provider": null,
  "extendedae:tile_data": null,
  "jade:object_name": null,
  "mekanism:data_provider": null,
  "mekanism:entity_data_provider": null,
  "minecraft:animal_owner": null,
  "minecraft:beehive": null,
  "minecraft:brewing_stand": null,
  "minecraft:campfire": null,
  "minecraft:chiseled_bookshelf": null,
  "minecraft:command_block": null,
  "minecraft:energy_storage": null,
  "minecraft:energy_storage.default": null,
  "minecraft:fluid_storage": null,
  "minecraft:fluid_storage.default": null,
  "minecraft:furnace": null,
  "minecraft:hopper_lock": null,
  "minecraft:item_storage": null,
  "minecraft:item_storage.default": null,
  "minecraft:jukebox": null,
  "minecraft:lectern": null,
  "minecraft:mob_breeding": null,
  "minecraft:mob_growth": null,
  "minecraft:mob_spawner.cooldown": null,
  "minecraft:next_entity_drop": null,
  "minecraft:potion_effects": null,
  "minecraft:progress": null,
  "minecraft:redstone": null,
  "minecraft:zombie_villager": null,
  "modularrouters:router": null,
  "oritech:machine_core_controller": null,
  "pneumaticcraft:entity": null,
  "pneumaticcraft:pneumatic": null,
  "pneumaticcraft:redstone": null,
  "pneumaticcraft:semiblock": null,
  "pneumaticcraft:tube_module": null,
  "reliquary:altar": null,
  "reliquary:mortar": null
}